train_set,train_platform,train_tissue,test_dataset,test_platform,test_tissue,quadrant,quadrant_name,ari,nmi,sc,db,adapter_time_sec
DLPFC,Visium,human_brain,Mouse_anterior_brain/_single,Visium,mouse_brain,Q3,同平台跨组织,0.501,0.694,-,-,4.7
DLPFC,Visium,human_brain,Breast_Cancer/_single,Visium,human_breast,Q3,同平台跨组织,0.534,0.604,-,-,5.2
DLPFC,Visium,human_brain,STARmap/_single,STARmap,mouse_brain,Q1,跨平台跨组织,0.255,0.530,-,-,2.3
DLPFC,Visium,human_brain,MERFISH/_single,MERFISH,mouse_brain,Q1,跨平台跨组织,0.447,0.574,-,-,2.9
DLPFC,Visium,human_brain,MERFISH_frontal_cortex/8_0,MERFISH,mouse_brain,Q1,跨平台跨组织,0.710,0.566,-,-,5.5
DLPFC,Visium,human_brain,MERFISH_frontal_cortex/8_2,MERFISH,mouse_brain,Q1,跨平台跨组织,0.218,0.283,-,-,4.3
DLPFC,Visium,human_brain,osmFISH/_single,osmFISH,mouse_brain,Q1,跨平台跨组织,0.368,0.420,-,-,1.9
DLPFC,Visium,human_brain,human_lung_cancer/_single,Visium,human_lung,Q3,同平台跨组织,-,-,0.341,1.029,34.7
DLPFC,Visium,human_brain,human_ovarian_cancer/_single,Visium,human_ovarian,Q3,同平台跨组织,-,-,0.329,1.144,26.4
Mouse_anterior_brain,Visium,mouse_brain,DLPFC/151671,Visium,human_brain,Q3,同平台跨组织,0.145,0.250,-,-,11.1
Mouse_anterior_brain,Visium,mouse_brain,DLPFC/151670,Visium,human_brain,Q3,同平台跨组织,0.208,0.145,-,-,8.4
Mouse_anterior_brain,Visium,mouse_brain,Breast_Cancer/_single,Visium,human_breast,Q3,同平台跨组织,0.344,0.460,-,-,5.2
Mouse_anterior_brain,Visium,mouse_brain,STARmap/_single,STARmap,mouse_brain,Q2,跨平台同组织,0.676,0.727,-,-,2.5
Mouse_anterior_brain,Visium,mouse_brain,MERFISH/_single,MERFISH,mouse_brain,Q2,跨平台同组织,-0.001,0.002,-,-,3.0
Mouse_anterior_brain,Visium,mouse_brain,MERFISH_frontal_cortex/8_0,MERFISH,mouse_brain,Q2,跨平台同组织,0.006,0.011,-,-,5.8
Mouse_anterior_brain,Visium,mouse_brain,MERFISH_frontal_cortex/8_2,MERFISH,mouse_brain,Q2,跨平台同组织,0.008,0.019,-,-,4.5
Mouse_anterior_brain,Visium,mouse_brain,osmFISH/_single,osmFISH,mouse_brain,Q2,跨平台同组织,0.093,0.200,-,-,2.2
Mouse_anterior_brain,Visium,mouse_brain,human_lung_cancer/_single,Visium,human_lung,Q3,同平台跨组织,-,-,0.353,0.825,30.2
Mouse_anterior_brain,Visium,mouse_brain,human_ovarian_cancer/_single,Visium,human_ovarian,Q3,同平台跨组织,-,-,0.474,1.064,26.1
Breast_Cancer,Visium,human_breast,DLPFC/151671,Visium,human_brain,Q3,同平台跨组织,0.662,0.610,-,-,10.2
Breast_Cancer,Visium,human_breast,DLPFC/151670,Visium,human_brain,Q3,同平台跨组织,0.718,0.604,-,-,8.4
Breast_Cancer,Visium,human_breast,Mouse_anterior_brain/_single,Visium,mouse_brain,Q3,同平台跨组织,0.496,0.694,-,-,4.9
Breast_Cancer,Visium,human_breast,STARmap/_single,STARmap,mouse_brain,Q1,跨平台跨组织,0.681,0.714,-,-,2.4
Breast_Cancer,Visium,human_breast,MERFISH/_single,MERFISH,mouse_brain,Q1,跨平台跨组织,0.653,0.653,-,-,2.9
Breast_Cancer,Visium,human_breast,MERFISH_frontal_cortex/8_0,MERFISH,mouse_brain,Q1,跨平台跨组织,0.638,0.533,-,-,5.8
Breast_Cancer,Visium,human_breast,MERFISH_frontal_cortex/8_2,MERFISH,mouse_brain,Q1,跨平台跨组织,0.587,0.474,-,-,4.6
Breast_Cancer,Visium,human_breast,osmFISH/_single,osmFISH,mouse_brain,Q1,跨平台跨组织,0.373,0.427,-,-,2.2
Breast_Cancer,Visium,human_breast,human_lung_cancer/_single,Visium,human_lung,Q3,同平台跨组织,-,-,0.289,1.107,27.7
Breast_Cancer,Visium,human_breast,human_ovarian_cancer/_single,Visium,human_ovarian,Q3,同平台跨组织,-,-,0.232,1.290,25.4
MFC_all,MERFISH,mouse_brain,DLPFC/151671,Visium,human_brain,Q1,跨平台跨组织,0.812,0.744,-,-,10.1
MFC_all,MERFISH,mouse_brain,DLPFC/151670,Visium,human_brain,Q1,跨平台跨组织,0.587,0.455,-,-,7.9
MFC_all,MERFISH,mouse_brain,Mouse_anterior_brain/_single,Visium,mouse_brain,Q2,跨平台同组织,0.380,0.621,-,-,4.7
MFC_all,MERFISH,mouse_brain,Breast_Cancer/_single,Visium,human_breast,Q1,跨平台跨组织,0.365,0.497,-,-,5.3
MFC_all,MERFISH,mouse_brain,STARmap/_single,STARmap,mouse_brain,Q2,跨平台同组织,0.579,0.658,-,-,2.3
MFC_all,MERFISH,mouse_brain,MERFISH/_single,MERFISH,mouse_brain,Q4,同平台同组织,0.515,0.547,-,-,2.8
MFC_all,MERFISH,mouse_brain,osmFISH/_single,osmFISH,mouse_brain,Q2,跨平台同组织,0.312,0.387,-,-,2.2
MFC_all,MERFISH,mouse_brain,human_lung_cancer/_single,Visium,human_lung,Q1,跨平台跨组织,-,-,0.229,1.269,29.9
MFC_all,MERFISH,mouse_brain,human_ovarian_cancer/_single,Visium,human_ovarian,Q1,跨平台跨组织,-,-,0.263,1.256,27.7
STARmap,STARmap,mouse_brain,DLPFC/151671,Visium,human_brain,Q1,跨平台跨组织,0.573,0.495,-,-,11.8
STARmap,STARmap,mouse_brain,DLPFC/151670,Visium,human_brain,Q1,跨平台跨组织,0.616,0.467,-,-,9.3
STARmap,STARmap,mouse_brain,Mouse_anterior_brain/_single,Visium,mouse_brain,Q2,跨平台同组织,0.326,0.590,-,-,5.9
STARmap,STARmap,mouse_brain,Breast_Cancer/_single,Visium,human_breast,Q1,跨平台跨组织,0.500,0.591,-,-,6.4
STARmap,STARmap,mouse_brain,MERFISH/_single,MERFISH,mouse_brain,Q2,跨平台同组织,0.315,0.404,-,-,3.0
STARmap,STARmap,mouse_brain,MERFISH_frontal_cortex/8_0,MERFISH,mouse_brain,Q2,跨平台同组织,0.439,0.327,-,-,5.5
STARmap,STARmap,mouse_brain,MERFISH_frontal_cortex/8_2,MERFISH,mouse_brain,Q2,跨平台同组织,0.476,0.419,-,-,4.3
STARmap,STARmap,mouse_brain,osmFISH/_single,osmFISH,mouse_brain,Q2,跨平台同组织,0.267,0.346,-,-,2.2
STARmap,STARmap,mouse_brain,human_lung_cancer/_single,Visium,human_lung,Q1,跨平台跨组织,-,-,0.241,1.328,29.8
STARmap,STARmap,mouse_brain,human_ovarian_cancer/_single,Visium,human_ovarian,Q1,跨平台跨组织,-,-,0.207,1.577,25.5
osmFISH,osmFISH,mouse_brain,DLPFC/151671,Visium,human_brain,Q1,跨平台跨组织,0.738,0.659,-,-,10.4
osmFISH,osmFISH,mouse_brain,DLPFC/151670,Visium,human_brain,Q1,跨平台跨组织,0.690,0.533,-,-,9.6
osmFISH,osmFISH,mouse_brain,Mouse_anterior_brain/_single,Visium,mouse_brain,Q2,跨平台同组织,0.445,0.667,-,-,4.9
osmFISH,osmFISH,mouse_brain,Breast_Cancer/_single,Visium,human_breast,Q1,跨平台跨组织,0.611,0.649,-,-,5.3
osmFISH,osmFISH,mouse_brain,STARmap/_single,STARmap,mouse_brain,Q2,跨平台同组织,0.518,0.591,-,-,2.2
osmFISH,osmFISH,mouse_brain,MERFISH/_single,MERFISH,mouse_brain,Q2,跨平台同组织,0.434,0.566,-,-,2.7
osmFISH,osmFISH,mouse_brain,MERFISH_frontal_cortex/8_0,MERFISH,mouse_brain,Q2,跨平台同组织,0.676,0.545,-,-,5.4
osmFISH,osmFISH,mouse_brain,MERFISH_frontal_cortex/8_2,MERFISH,mouse_brain,Q2,跨平台同组织,0.282,0.348,-,-,4.0
osmFISH,osmFISH,mouse_brain,human_lung_cancer/_single,Visium,human_lung,Q1,跨平台跨组织,-,-,0.279,1.161,28.6
osmFISH,osmFISH,mouse_brain,human_ovarian_cancer/_single,Visium,human_ovarian,Q1,跨平台跨组织,-,-,0.220,1.503,28.8
