experiment,held_out_subject,slice,seed,ari,nmi
DLPFC_subject_loo,Donor1,151507,13233,0.6219,0.6754
DLPFC_subject_loo,Donor1,151508,13233,0.6178,0.6439
DLPFC_subject_loo,Donor1,151509,13233,0.5293,0.5722
DLPFC_subject_loo,Donor1,151510,13233,0.4433,0.5266
DLPFC_subject_loo,Donor1,151507,13850,0.5742,0.6165
DLPFC_subject_loo,Donor1,151508,13850,0.5861,0.599
DLPFC_subject_loo,Donor1,151509,13850,0.5967,0.6608
DLPFC_subject_loo,Donor1,151510,13850,0.3442,0.418
DLPFC_subject_loo,Donor1,151507,31477,0.5906,0.6353
DLPFC_subject_loo,Donor1,151508,31477,0.5848,0.6233
DLPFC_subject_loo,Donor1,151509,31477,0.4795,0.5696
DLPFC_subject_loo,Donor1,151510,31477,0.493,0.5417
DLPFC_subject_loo,Donor1,151507,40480,0.5792,0.6237
DLPFC_subject_loo,Donor1,151508,40480,0.5089,0.5629
DLPFC_subject_loo,Donor1,151509,40480,0.5641,0.5754
DLPFC_subject_loo,Donor1,151510,40480,0.5192,0.5284
DLPFC_subject_loo,Donor1,151507,48912,0.6262,0.6731
DLPFC_subject_loo,Donor1,151508,48912,0.6081,0.6583
DLPFC_subject_loo,Donor1,151509,48912,0.4381,0.487
DLPFC_subject_loo,Donor1,151510,48912,0.3671,0.4456
DLPFC_subject_loo,Donor1,151507,49210,0.6155,0.687
DLPFC_subject_loo,Donor1,151508,49210,0.6182,0.6464
DLPFC_subject_loo,Donor1,151509,49210,0.417,0.4879
DLPFC_subject_loo,Donor1,151510,49210,0.3842,0.4949
DLPFC_subject_loo,Donor1,151507,56859,0.6107,0.6557
DLPFC_subject_loo,Donor1,151508,56859,0.5703,0.5964
DLPFC_subject_loo,Donor1,151509,56859,0.5408,0.5907
DLPFC_subject_loo,Donor1,151510,56859,0.5467,0.5787
DLPFC_subject_loo,Donor1,151507,58292,0.6013,0.6486
DLPFC_subject_loo,Donor1,151508,58292,0.6474,0.6599
DLPFC_subject_loo,Donor1,151509,58292,0.4357,0.4761
DLPFC_subject_loo,Donor1,151510,58292,0.5371,0.5569
DLPFC_subject_loo,Donor1,151507,72053,0.6282,0.656
DLPFC_subject_loo,Donor1,151508,72053,0.6114,0.6347
DLPFC_subject_loo,Donor1,151509,72053,0.4307,0.5045
DLPFC_subject_loo,Donor1,151510,72053,0.3788,0.5013
DLPFC_subject_loo,Donor1,151507,86193,0.6048,0.6651
DLPFC_subject_loo,Donor1,151508,86193,0.5751,0.602
DLPFC_subject_loo,Donor1,151509,86193,0.4732,0.5841
DLPFC_subject_loo,Donor1,151510,86193,0.3802,0.4783
DLPFC_subject_loo,Donor2,151669,13233,0.7238,0.5573
DLPFC_subject_loo,Donor2,151670,13233,0.6827,0.5485
DLPFC_subject_loo,Donor2,151671,13233,0.7863,0.7068
DLPFC_subject_loo,Donor2,151672,13233,0.7198,0.7083
DLPFC_subject_loo,Donor2,151669,13850,0.7361,0.6118
DLPFC_subject_loo,Donor2,151670,13850,0.6212,0.5128
DLPFC_subject_loo,Donor2,151671,13850,0.7819,0.7276
DLPFC_subject_loo,Donor2,151672,13850,0.711,0.681
DLPFC_subject_loo,Donor2,151669,31477,0.6244,0.4988
DLPFC_subject_loo,Donor2,151670,31477,0.5572,0.4172
DLPFC_subject_loo,Donor2,151671,31477,0.7194,0.6637
DLPFC_subject_loo,Donor2,151672,31477,0.6492,0.6361
DLPFC_subject_loo,Donor2,151669,40480,0.7019,0.5914
DLPFC_subject_loo,Donor2,151670,40480,0.6164,0.5038
DLPFC_subject_loo,Donor2,151671,40480,0.7459,0.6726
DLPFC_subject_loo,Donor2,151672,40480,0.6891,0.6458
DLPFC_subject_loo,Donor2,151669,48912,0.7002,0.5522
DLPFC_subject_loo,Donor2,151670,48912,0.6414,0.5467
DLPFC_subject_loo,Donor2,151671,48912,0.7575,0.6825
DLPFC_subject_loo,Donor2,151672,48912,0.6828,0.65
DLPFC_subject_loo,Donor2,151669,49210,0.6804,0.5563
DLPFC_subject_loo,Donor2,151670,49210,0.6308,0.5009
DLPFC_subject_loo,Donor2,151671,49210,0.7741,0.7132
DLPFC_subject_loo,Donor2,151672,49210,0.6973,0.6742
DLPFC_subject_loo,Donor2,151669,56859,0.6719,0.5663
DLPFC_subject_loo,Donor2,151670,56859,0.627,0.5078
DLPFC_subject_loo,Donor2,151671,56859,0.7079,0.6269
DLPFC_subject_loo,Donor2,151672,56859,0.6891,0.6572
DLPFC_subject_loo,Donor2,151669,58292,0.6076,0.4794
DLPFC_subject_loo,Donor2,151670,58292,0.6714,0.5346
DLPFC_subject_loo,Donor2,151671,58292,0.7614,0.707
DLPFC_subject_loo,Donor2,151672,58292,0.7351,0.718
DLPFC_subject_loo,Donor2,151669,72053,0.7153,0.5981
DLPFC_subject_loo,Donor2,151670,72053,0.7384,0.6137
DLPFC_subject_loo,Donor2,151671,72053,0.7596,0.6885
DLPFC_subject_loo,Donor2,151672,72053,0.7289,0.7092
DLPFC_subject_loo,Donor2,151669,86193,0.6353,0.5484
DLPFC_subject_loo,Donor2,151670,86193,0.6896,0.5703
DLPFC_subject_loo,Donor2,151671,86193,0.7492,0.6866
DLPFC_subject_loo,Donor2,151672,86193,0.6296,0.6119
DLPFC_subject_loo,Donor3,151673,13233,0.6287,0.6388
DLPFC_subject_loo,Donor3,151674,13233,0.5705,0.6095
DLPFC_subject_loo,Donor3,151675,13233,0.4773,0.5787
DLPFC_subject_loo,Donor3,151676,13233,0.5054,0.5613
DLPFC_subject_loo,Donor3,151673,13850,0.6039,0.6356
DLPFC_subject_loo,Donor3,151674,13850,0.5697,0.6179
DLPFC_subject_loo,Donor3,151675,13850,0.5123,0.558
DLPFC_subject_loo,Donor3,151676,13850,0.5479,0.6108
DLPFC_subject_loo,Donor3,151673,31477,0.6525,0.7029
DLPFC_subject_loo,Donor3,151674,31477,0.6169,0.6674
DLPFC_subject_loo,Donor3,151675,31477,0.6189,0.6698
DLPFC_subject_loo,Donor3,151676,31477,0.566,0.6392
DLPFC_subject_loo,Donor3,151673,40480,0.6267,0.6543
DLPFC_subject_loo,Donor3,151674,40480,0.5933,0.6341
DLPFC_subject_loo,Donor3,151675,40480,0.573,0.6373
DLPFC_subject_loo,Donor3,151676,40480,0.5501,0.6103
DLPFC_subject_loo,Donor3,151673,48912,0.6134,0.6633
DLPFC_subject_loo,Donor3,151674,48912,0.6224,0.6655
DLPFC_subject_loo,Donor3,151675,48912,0.5414,0.606
DLPFC_subject_loo,Donor3,151676,48912,0.5598,0.6225
DLPFC_subject_loo,Donor3,151673,49210,0.6646,0.6659
DLPFC_subject_loo,Donor3,151674,49210,0.6076,0.6342
DLPFC_subject_loo,Donor3,151675,49210,0.5894,0.6319
DLPFC_subject_loo,Donor3,151676,49210,0.5313,0.5923
DLPFC_subject_loo,Donor3,151673,56859,0.6589,0.6945
DLPFC_subject_loo,Donor3,151674,56859,0.6064,0.6728
DLPFC_subject_loo,Donor3,151675,56859,0.5913,0.6619
DLPFC_subject_loo,Donor3,151676,56859,0.6238,0.6596
DLPFC_subject_loo,Donor3,151673,58292,0.6516,0.6695
DLPFC_subject_loo,Donor3,151674,58292,0.6143,0.6535
DLPFC_subject_loo,Donor3,151675,58292,0.6295,0.6723
DLPFC_subject_loo,Donor3,151676,58292,0.5604,0.597
DLPFC_subject_loo,Donor3,151673,72053,0.6745,0.7181
DLPFC_subject_loo,Donor3,151674,72053,0.617,0.6681
DLPFC_subject_loo,Donor3,151675,72053,0.6105,0.6832
DLPFC_subject_loo,Donor3,151676,72053,0.596,0.6494
DLPFC_subject_loo,Donor3,151673,86193,0.6095,0.646
DLPFC_subject_loo,Donor3,151674,86193,0.6101,0.6747
DLPFC_subject_loo,Donor3,151675,86193,0.5888,0.6654
DLPFC_subject_loo,Donor3,151676,86193,0.5665,0.6292
