held_out_dataset,held_out_slice,ari,nmi,adapter,train_slices,pretrain_time_sec,pretrain_time_min,peak_ram_mb,peak_gpu_mb,adapter_time_sec
Breast_Cancer,_single,0.433,0.506,ce,25,102.4,1.7,2007.0,13673.9,0.7
DLPFC,151507,0.497,0.628,ce,25,99.8,1.7,2222.3,13621.6,0.7
DLPFC,151508,0.625,0.673,ce,25,99.8,1.7,2256.5,13605.8,0.6
DLPFC,151509,0.459,0.495,ce,25,98.8,1.6,2273.8,13564.2,0.8
DLPFC,151510,0.561,0.599,ce,25,98.4,1.6,2287.9,13579.9,0.4
DLPFC,151669,0.700,0.595,ce,25,99.5,1.7,2277.5,13685.4,0.6
DLPFC,151670,0.709,0.594,ce,25,99.3,1.7,2284.4,13702.8,0.4
DLPFC,151671,ERROR,ERROR,-,0,0.0,0.0,0.0,0.0,0.0
DLPFC,151672,0.730,0.704,ce,25,99.4,1.7,2304.4,13647.2,0.3
DLPFC,151673,ERROR,ERROR,-,0,0.0,0.0,0.0,0.0,0.0
DLPFC,151674,0.730,0.741,ce,25,99.2,1.7,2329.3,13683.8,0.4
DLPFC,151675,0.569,0.651,ce,25,99.0,1.6,2309.3,13692.7,0.7
DLPFC,151676,0.587,0.637,ce,25,98.8,1.6,2319.7,13707.1,0.5
Mouse_anterior_brain,_single,0.412,0.657,kl,25,96.0,1.6,2341.5,11911.9,3.4
STARmap,_single,0.513,0.588,ce,25,101.1,1.7,2401.2,14018.3,0.7
MERFISH,_single,0.601,0.644,ce,25,87.7,1.5,2319.5,13330.3,0.5
MERFISH_frontal_cortex,4_0,0.603,0.554,ce,25,93.8,1.6,2380.1,13382.5,0.3
MERFISH_frontal_cortex,4_1,0.743,0.618,ce,25,90.5,1.5,2327.2,13196.9,0.5
MERFISH_frontal_cortex,4_2,0.735,0.626,ce,25,91.9,1.5,2314.3,13278.0,0.4
MERFISH_frontal_cortex,6_0,0.606,0.616,ce,25,98.3,1.6,2372.5,13663.2,0.4
MERFISH_frontal_cortex,6_1,0.736,0.625,ce,25,97.8,1.6,2375.9,13692.7,0.6
MERFISH_frontal_cortex,6_2,0.592,0.602,ce,25,97.4,1.6,2379.8,13660.7,0.7
MERFISH_frontal_cortex,8_0,0.877,0.733,ce,25,88.5,1.5,2324.4,13024.9,0.5
MERFISH_frontal_cortex,8_1,0.731,0.658,ce,25,91.9,1.5,2407.0,13260.1,0.5
MERFISH_frontal_cortex,8_2,0.759,0.704,ce,25,90.3,1.5,2328.1,13198.7,0.5
osmFISH,_single,0.396,0.443,ce,25,98.2,1.6,2397.2,13502.9,0.6
