dataset,target_slice,target_ds,n_seeds,mean_transfer,std_transfer,mean_single,mean_delta,std_delta,ci90_low,ci90_high,ci95_low,ci95_high,ci90_bs_low,ci90_bs_high,ci95_bs_low,ci95_bs_high,t_stat,p_value
DLPFC,151507,DLPFC,10,0.6134,0.0259,0.653,-0.0397,0.0346,-0.0597,-0.0196,-0.0644,-0.0149,-0.0564,-0.022,-0.0595,-0.0186,-3.6219,0.005555
DLPFC,151508,DLPFC,10,0.6068,0.0344,0.662,-0.0552,0.0225,-0.0682,-0.0421,-0.0713,-0.039,-0.0659,-0.044,-0.0678,-0.0418,-7.7402,2.9e-05
DLPFC,151509,DLPFC,10,0.5424,0.0673,0.767,-0.2246,0.0736,-0.2673,-0.1819,-0.2773,-0.1719,-0.2609,-0.1886,-0.2683,-0.1823,-9.6429,5e-06
DLPFC,151510,DLPFC,10,0.5,0.0842,0.696,-0.196,0.0748,-0.2393,-0.1526,-0.2495,-0.1425,-0.2336,-0.16,-0.2408,-0.1533,-8.2865,1.7e-05
DLPFC,151669,DLPFC,10,0.7181,0.054,0.883,-0.1649,0.0483,-0.1929,-0.1369,-0.1995,-0.1303,-0.1885,-0.1412,-0.1932,-0.1367,-10.7858,2e-06
DLPFC,151670,DLPFC,10,0.7235,0.0481,0.825,-0.1015,0.051,-0.1311,-0.072,-0.138,-0.0651,-0.1261,-0.0758,-0.1297,-0.0707,-6.3006,0.000141
DLPFC,151671,DLPFC,10,0.7704,0.0271,0.836,-0.0656,0.0229,-0.0789,-0.0523,-0.082,-0.0492,-0.0766,-0.054,-0.0784,-0.0518,-9.0409,8e-06
DLPFC,151672,DLPFC,10,0.7052,0.0172,0.752,-0.0468,0.024,-0.0608,-0.0329,-0.064,-0.0297,-0.059,-0.0356,-0.0613,-0.0338,-6.1663,0.000165
DLPFC,151673,DLPFC,10,0.6606,0.0502,0.678,-0.0173,0.0554,-0.0495,0.0148,-0.057,0.0223,-0.0443,0.0092,-0.05,0.0146,-0.9903,0.347902
DLPFC,151674,DLPFC,10,0.6125,0.0372,0.673,-0.0605,0.0661,-0.0988,-0.0221,-0.1078,-0.0132,-0.0941,-0.0284,-0.0999,-0.0224,-2.8917,0.017834
DLPFC,151675,DLPFC,10,0.6107,0.0384,0.723,-0.1123,0.0535,-0.1433,-0.0813,-0.1506,-0.074,-0.1394,-0.0871,-0.1453,-0.0821,-6.6347,9.5e-05
DLPFC,151676,DLPFC,10,0.5967,0.0514,0.691,-0.0943,0.0565,-0.1271,-0.0616,-0.1347,-0.0539,-0.1216,-0.0649,-0.1257,-0.0589,-5.2813,0.000506
MERFISH_frontal_cortex,4_0,MERFISH_frontal_cortex,10,0.4658,0.1446,0.771,-0.3051,0.1476,-0.3907,-0.2196,-0.4107,-0.1996,-0.3847,-0.2429,-0.4,-0.2374,-6.5385,0.000107
MERFISH_frontal_cortex,4_1,MERFISH_frontal_cortex,10,0.7268,0.0451,0.846,-0.1192,0.049,-0.1476,-0.0908,-0.1543,-0.0841,-0.1445,-0.0955,-0.1494,-0.0913,-7.6894,3e-05
MERFISH_frontal_cortex,4_2,MERFISH_frontal_cortex,10,0.7083,0.0278,0.771,-0.0628,0.0439,-0.0882,-0.0373,-0.0941,-0.0314,-0.0842,-0.0404,-0.0882,-0.0367,-4.5256,0.001435
MERFISH_frontal_cortex,6_0,MERFISH_frontal_cortex,10,0.5035,0.0295,0.738,-0.2345,0.0455,-0.2608,-0.2081,-0.267,-0.202,-0.2558,-0.2113,-0.2591,-0.2063,-16.3073,0.0
MERFISH_frontal_cortex,6_1,MERFISH_frontal_cortex,10,0.5945,0.0266,0.839,-0.2445,0.0237,-0.2582,-0.2308,-0.2615,-0.2276,-0.2565,-0.2334,-0.2587,-0.2312,-32.6588,0.0
MERFISH_frontal_cortex,6_2,MERFISH_frontal_cortex,10,0.5504,0.0201,0.757,-0.2066,0.0237,-0.2204,-0.1929,-0.2236,-0.1897,-0.218,-0.1945,-0.2197,-0.1919,-27.5968,0.0
MERFISH_frontal_cortex,8_0,MERFISH_frontal_cortex,10,0.8623,0.0165,0.892,-0.0298,0.031,-0.0478,-0.0118,-0.052,-0.0076,-0.0453,-0.0143,-0.0479,-0.0114,-3.0321,0.014198
MERFISH_frontal_cortex,8_1,MERFISH_frontal_cortex,10,0.6503,0.0341,0.721,-0.0707,0.0453,-0.097,-0.0445,-0.1031,-0.0383,-0.0934,-0.0492,-0.0974,-0.0451,-4.9385,0.000804
MERFISH_frontal_cortex,8_2,MERFISH_frontal_cortex,10,0.727,0.0191,0.813,-0.086,0.0214,-0.0984,-0.0736,-0.1013,-0.0707,-0.0968,-0.0756,-0.0987,-0.0736,-12.7163,0.0
