dataset,source,target_slice,target_ds,n_seeds,mean_transfer,std_transfer,mean_single,mean_delta,std_delta,ci90_low,ci90_high,ci95_low,ci95_high,ci90_bs_low,ci90_bs_high,ci95_bs_low,ci95_bs_high,t_stat,p_value
DLPFC,Donor1,151669,DLPFC,10,0.7277,0.0319,0.883,-0.1553,0.038,-0.1774,-0.1333,-0.1825,-0.1281,-0.1763,-0.1385,-0.1808,-0.1362,-12.9186,0.0
DLPFC,Donor1,151670,DLPFC,10,0.7226,0.0393,0.825,-0.1024,0.0359,-0.1232,-0.0816,-0.1281,-0.0768,-0.12,-0.0847,-0.1236,-0.0817,-9.0335,8e-06
DLPFC,Donor1,151671,DLPFC,10,0.7278,0.0287,0.836,-0.1082,0.0247,-0.1225,-0.0939,-0.1259,-0.0906,-0.1201,-0.096,-0.1221,-0.0936,-13.8668,0.0
DLPFC,Donor1,151672,DLPFC,10,0.6041,0.0589,0.752,-0.1479,0.06,-0.1827,-0.1131,-0.1909,-0.105,-0.177,-0.1179,-0.1823,-0.1126,-7.792,2.7e-05
DLPFC,Donor1,151673,DLPFC,10,0.5746,0.0337,0.678,-0.1034,0.0433,-0.1285,-0.0783,-0.1343,-0.0724,-0.1248,-0.0822,-0.1288,-0.0784,-7.5493,3.5e-05
DLPFC,Donor1,151674,DLPFC,10,0.5497,0.0281,0.673,-0.1233,0.0409,-0.147,-0.0996,-0.1526,-0.0941,-0.1441,-0.1036,-0.1479,-0.1003,-9.5365,5e-06
DLPFC,Donor1,151675,DLPFC,10,0.5145,0.0378,0.723,-0.2085,0.0441,-0.234,-0.183,-0.24,-0.177,-0.2315,-0.1877,-0.2361,-0.1837,-14.9612,0.0
DLPFC,Donor1,151676,DLPFC,10,0.497,0.0211,0.691,-0.194,0.038,-0.216,-0.1719,-0.2212,-0.1668,-0.2128,-0.1749,-0.2161,-0.171,-16.1238,0.0
DLPFC,Donor2,151507,DLPFC,10,0.5733,0.0212,0.653,-0.0797,0.0256,-0.0945,-0.0648,-0.098,-0.0613,-0.0929,-0.0675,-0.0953,-0.0654,-9.8334,4e-06
DLPFC,Donor2,151508,DLPFC,10,0.5892,0.0319,0.662,-0.0728,0.0298,-0.0901,-0.0555,-0.0941,-0.0514,-0.0878,-0.058,-0.0903,-0.0553,-7.717,2.9e-05
DLPFC,Donor2,151509,DLPFC,10,0.5417,0.0613,0.767,-0.2253,0.0638,-0.2622,-0.1883,-0.2709,-0.1796,-0.2574,-0.1941,-0.2638,-0.1886,-11.1656,1e-06
DLPFC,Donor2,151510,DLPFC,10,0.4353,0.0778,0.696,-0.2607,0.0793,-0.3066,-0.2147,-0.3174,-0.204,-0.2969,-0.2185,-0.3023,-0.21,-10.3996,3e-06
DLPFC,Donor2,151673,DLPFC,10,0.6377,0.0326,0.678,-0.0402,0.0417,-0.0644,-0.0161,-0.0701,-0.0104,-0.0605,-0.0199,-0.0643,-0.0154,-3.0509,0.013772
DLPFC,Donor2,151674,DLPFC,10,0.5905,0.0345,0.673,-0.0824,0.0571,-0.1155,-0.0494,-0.1233,-0.0416,-0.1105,-0.0543,-0.1159,-0.0494,-4.5695,0.001348
DLPFC,Donor2,151675,DLPFC,10,0.5844,0.02,0.723,-0.1386,0.0191,-0.1497,-0.1276,-0.1523,-0.125,-0.1477,-0.1288,-0.1493,-0.1267,-22.9187,0.0
DLPFC,Donor2,151676,DLPFC,10,0.5619,0.0494,0.691,-0.1291,0.056,-0.1616,-0.0966,-0.1692,-0.089,-0.1559,-0.1005,-0.1605,-0.0939,-7.2871,4.6e-05
DLPFC,Donor3,151507,DLPFC,10,0.4102,0.0376,0.653,-0.2428,0.0555,-0.275,-0.2106,-0.2825,-0.2031,-0.2698,-0.2148,-0.2743,-0.2093,-13.8218,0.0
DLPFC,Donor3,151508,DLPFC,10,0.4376,0.052,0.662,-0.2244,0.056,-0.2569,-0.1919,-0.2645,-0.1843,-0.2516,-0.1961,-0.2558,-0.1908,-12.6613,0.0
DLPFC,Donor3,151509,DLPFC,10,0.4168,0.0443,0.767,-0.3502,0.0485,-0.3783,-0.3221,-0.3849,-0.3155,-0.3732,-0.325,-0.3764,-0.3186,-22.8455,0.0
DLPFC,Donor3,151510,DLPFC,10,0.358,0.0656,0.696,-0.338,0.0664,-0.3765,-0.2996,-0.3855,-0.2906,-0.3714,-0.3061,-0.3781,-0.3002,-16.1075,0.0
DLPFC,Donor3,151669,DLPFC,10,0.5316,0.0486,0.883,-0.3514,0.0547,-0.3831,-0.3197,-0.3905,-0.3122,-0.3787,-0.3248,-0.3842,-0.3198,-20.3178,0.0
DLPFC,Donor3,151670,DLPFC,10,0.5087,0.0504,0.825,-0.3164,0.049,-0.3447,-0.288,-0.3514,-0.2813,-0.3416,-0.2938,-0.3476,-0.2901,-20.4353,0.0
DLPFC,Donor3,151671,DLPFC,10,0.6285,0.0507,0.836,-0.2075,0.0593,-0.2419,-0.1732,-0.25,-0.1651,-0.2361,-0.1773,-0.2408,-0.172,-11.0622,2e-06
DLPFC,Donor3,151672,DLPFC,10,0.6024,0.0294,0.752,-0.1496,0.0289,-0.1663,-0.1329,-0.1702,-0.1289,-0.1639,-0.1355,-0.1666,-0.1329,-16.383,0.0
MERFISH_frontal_cortex,Subject4,6_0,MERFISH_frontal_cortex,10,0.4013,0.0741,0.738,-0.3367,0.0687,-0.3765,-0.2969,-0.3858,-0.2875,-0.3689,-0.3016,-0.3741,-0.2941,-15.497,0.0
MERFISH_frontal_cortex,Subject4,6_1,MERFISH_frontal_cortex,10,0.6825,0.0132,0.839,-0.1566,0.0287,-0.1732,-0.1399,-0.1771,-0.136,-0.1687,-0.1412,-0.1702,-0.1376,-17.258,0.0
MERFISH_frontal_cortex,Subject4,6_2,MERFISH_frontal_cortex,10,0.5017,0.0566,0.757,-0.2553,0.0609,-0.2907,-0.22,-0.2989,-0.2117,-0.2848,-0.2248,-0.2904,-0.2199,-13.2507,0.0
MERFISH_frontal_cortex,Subject4,8_0,MERFISH_frontal_cortex,10,0.673,0.0993,0.892,-0.219,0.1059,-0.2804,-0.1576,-0.2947,-0.1432,-0.2749,-0.1708,-0.2872,-0.1638,-6.5405,0.000106
MERFISH_frontal_cortex,Subject4,8_1,MERFISH_frontal_cortex,10,0.6706,0.0337,0.721,-0.0505,0.0462,-0.0772,-0.0237,-0.0835,-0.0174,-0.0716,-0.0267,-0.0746,-0.0218,-3.457,0.007194
MERFISH_frontal_cortex,Subject4,8_2,MERFISH_frontal_cortex,10,0.6287,0.048,0.813,-0.1843,0.0513,-0.214,-0.1545,-0.221,-0.1476,-0.2103,-0.1588,-0.2151,-0.1545,-11.3606,1e-06
MERFISH_frontal_cortex,Subject6,4_0,MERFISH_frontal_cortex,10,0.5351,0.0619,0.771,-0.2359,0.0547,-0.2676,-0.2042,-0.275,-0.1967,-0.2641,-0.21,-0.2702,-0.2052,-13.6292,0.0
MERFISH_frontal_cortex,Subject6,4_1,MERFISH_frontal_cortex,10,0.7014,0.0519,0.846,-0.1446,0.0504,-0.1738,-0.1153,-0.1806,-0.1085,-0.1696,-0.1203,-0.1746,-0.1158,-9.063,8e-06
MERFISH_frontal_cortex,Subject6,4_2,MERFISH_frontal_cortex,10,0.6788,0.0317,0.771,-0.0922,0.0481,-0.12,-0.0643,-0.1266,-0.0578,-0.1175,-0.0696,-0.1229,-0.0659,-6.0621,0.000188
MERFISH_frontal_cortex,Subject6,8_0,MERFISH_frontal_cortex,10,0.7222,0.0845,0.892,-0.1699,0.0911,-0.2227,-0.117,-0.2351,-0.1047,-0.2164,-0.1274,-0.2263,-0.1203,-5.893,0.000231
MERFISH_frontal_cortex,Subject6,8_1,MERFISH_frontal_cortex,10,0.5836,0.0519,0.721,-0.1375,0.0896,-0.1894,-0.0855,-0.2015,-0.0734,-0.1812,-0.0939,-0.1882,-0.0864,-4.8524,0.000905
MERFISH_frontal_cortex,Subject6,8_2,MERFISH_frontal_cortex,10,0.4651,0.0793,0.813,-0.3478,0.0749,-0.3913,-0.3044,-0.4014,-0.2942,-0.3855,-0.3115,-0.3926,-0.3047,-14.6783,0.0
MERFISH_frontal_cortex,Subject8,4_0,MERFISH_frontal_cortex,10,0.3183,0.112,0.771,-0.4527,0.1168,-0.5204,-0.3849,-0.5363,-0.3691,-0.5104,-0.394,-0.5213,-0.382,-12.2515,1e-06
MERFISH_frontal_cortex,Subject8,4_1,MERFISH_frontal_cortex,10,0.6797,0.0762,0.846,-0.1662,0.0688,-0.2061,-0.1263,-0.2155,-0.117,-0.2015,-0.1333,-0.2082,-0.1282,-7.6394,3.2e-05
MERFISH_frontal_cortex,Subject8,4_2,MERFISH_frontal_cortex,10,0.7051,0.0509,0.771,-0.0659,0.0652,-0.1037,-0.0281,-0.1125,-0.0193,-0.0992,-0.0349,-0.1065,-0.0289,-3.1975,0.010875
MERFISH_frontal_cortex,Subject8,6_0,MERFISH_frontal_cortex,10,0.4619,0.0245,0.738,-0.2761,0.0282,-0.2925,-0.2597,-0.2963,-0.2559,-0.29,-0.2619,-0.2928,-0.2592,-30.9133,0.0
MERFISH_frontal_cortex,Subject8,6_1,MERFISH_frontal_cortex,10,0.6422,0.0389,0.839,-0.1968,0.0519,-0.2269,-0.1668,-0.234,-0.1597,-0.2223,-0.1706,-0.2267,-0.1656,-11.9935,1e-06
MERFISH_frontal_cortex,Subject8,6_2,MERFISH_frontal_cortex,10,0.3966,0.0377,0.757,-0.3604,0.0375,-0.3821,-0.3386,-0.3872,-0.3335,-0.3773,-0.3403,-0.3797,-0.3358,-30.3701,0.0
