experiment,source_desc,target_ds,n_seeds,mean_transfer,std_transfer,mean_single,mean_delta,std_delta,ci90_low,ci90_high,ci95_low,ci95_high,ci90_bs_low,ci90_bs_high,ci95_bs_low,ci95_bs_high,t_stat,p_value
fixed_cell,3张MFC+osmFISH(set0),MERFISH,10,0.5781,0.0243,0.669,-0.0909,0.0671,-0.1298,-0.052,-0.1389,-0.0429,-0.123,-0.0559,-0.1291,-0.0488,-4.2847,0.002036
fixed_cell,3张MFC+osmFISH(set1),MERFISH,10,0.5665,0.0469,0.669,-0.1025,0.0692,-0.1426,-0.0623,-0.152,-0.0529,-0.1372,-0.0683,-0.1434,-0.0617,-4.6809,0.001151
fixed_cell,3张MFC+osmFISH(set2),MERFISH,10,0.5693,0.0404,0.669,-0.0997,0.0627,-0.136,-0.0634,-0.1445,-0.0549,-0.1308,-0.0683,-0.136,-0.0624,-5.0298,0.00071
fixed_cell,4张MFC(set0),MERFISH,10,0.428,0.042,0.669,-0.241,0.0567,-0.2738,-0.2081,-0.2815,-0.2004,-0.27,-0.2143,-0.2756,-0.2093,-13.449,0.0
fixed_cell,4张MFC(set1),MERFISH,10,0.4532,0.0382,0.669,-0.2158,0.0533,-0.2467,-0.1849,-0.2539,-0.1777,-0.2422,-0.1892,-0.2472,-0.1846,-12.8012,0.0
fixed_cell,4张MFC(set2),MERFISH,10,0.39,0.0735,0.669,-0.279,0.1011,-0.3376,-0.2204,-0.3513,-0.2067,-0.3288,-0.229,-0.34,-0.2204,-8.7242,1.1e-05
fixed_cell,9张MFC,MERFISH,10,0.5103,0.0246,0.669,-0.1587,0.06,-0.1934,-0.1239,-0.2015,-0.1158,-0.1877,-0.1275,-0.1926,-0.1219,-8.3662,1.5e-05
fixed_cell,9张MFC+osmFISH,MERFISH,10,0.6242,0.0468,0.669,-0.0448,0.0828,-0.0928,0.0032,-0.104,0.0145,-0.0858,-0.0029,-0.0929,0.004,-1.7097,0.121485
scale,S1(path1),MERFISH,10,0.3849,0.0329,0.669,-0.2841,0.0613,-0.3196,-0.2486,-0.328,-0.2403,-0.315,-0.2535,-0.3209,-0.2476,-14.6547,0.0
scale,S1(path2),MERFISH,10,0.4033,0.0533,0.669,-0.2657,0.0818,-0.3131,-0.2183,-0.3242,-0.2072,-0.3061,-0.2242,-0.3138,-0.2168,-10.2672,3e-06
scale,S1(path3),MERFISH,10,0.2641,0.0538,0.669,-0.4048,0.0657,-0.4429,-0.3667,-0.4518,-0.3578,-0.4387,-0.3731,-0.4456,-0.3677,-19.4866,0.0
scale,S3(path1),MERFISH,10,0.4366,0.0435,0.669,-0.2324,0.0791,-0.2782,-0.1865,-0.289,-0.1758,-0.2704,-0.1915,-0.2764,-0.1831,-9.2931,7e-06
scale,S3(path2),MERFISH,10,0.3659,0.0631,0.669,-0.3031,0.105,-0.364,-0.2422,-0.3782,-0.228,-0.3563,-0.2504,-0.3651,-0.2406,-9.1307,8e-06
scale,S3(path3),MERFISH,10,0.4116,0.0576,0.669,-0.2574,0.1054,-0.3185,-0.1963,-0.3327,-0.182,-0.3084,-0.2034,-0.318,-0.193,-7.7255,2.9e-05
scale,S5(path1),MERFISH,10,0.4791,0.0552,0.669,-0.1898,0.1067,-0.2517,-0.128,-0.2662,-0.1135,-0.2441,-0.1367,-0.2542,-0.1272,-5.6261,0.000323
scale,S5(path2),MERFISH,10,0.4479,0.046,0.669,-0.2211,0.0725,-0.2631,-0.1791,-0.273,-0.1692,-0.2581,-0.185,-0.264,-0.1787,-9.6405,5e-06
scale,S5(path3),MERFISH,10,0.481,0.0331,0.669,-0.188,0.0693,-0.2281,-0.1478,-0.2375,-0.1384,-0.2218,-0.1526,-0.2271,-0.1464,-8.5749,1.3e-05
scale,S7(path1),MERFISH,10,0.4393,0.0441,0.669,-0.2296,0.0765,-0.2739,-0.1853,-0.2843,-0.1749,-0.2686,-0.1914,-0.2757,-0.1848,-9.4963,5e-06
scale,S7(path2),MERFISH,10,0.4286,0.0673,0.669,-0.2404,0.0912,-0.2932,-0.1875,-0.3056,-0.1751,-0.2857,-0.1949,-0.2941,-0.1867,-8.3308,1.6e-05
scale,S7(path3),MERFISH,10,0.503,0.0412,0.669,-0.1659,0.0932,-0.22,-0.1119,-0.2326,-0.0992,-0.2126,-0.1195,-0.2214,-0.1107,-5.628,0.000323
scale,S9(path1),MERFISH,10,0.4892,0.0534,0.669,-0.1798,0.0922,-0.2333,-0.1264,-0.2458,-0.1139,-0.2272,-0.1346,-0.2361,-0.1263,-6.167,0.000165
scale,S9(path2),MERFISH,10,0.499,0.0344,0.669,-0.1699,0.0568,-0.2028,-0.137,-0.2105,-0.1293,-0.1986,-0.1414,-0.2042,-0.1367,-9.4672,6e-06
scale,S9(path3),MERFISH,10,0.5122,0.0643,0.669,-0.1568,0.1186,-0.2255,-0.088,-0.2416,-0.0719,-0.2181,-0.0981,-0.2307,-0.0889,-4.1797,0.002377
