dataset,slice,label_ratio,mean_single,mean_loo,mean_diff,classification,epsilon,pca_mean
Breast_Cancer,,0.05,0.744,0.697,-0.047,等效迁移,0.0612,0.5787
DLPFC,151507,0.05,0.653,0.653,0.0,等效迁移,0.0586,0.2623
DLPFC,151508,0.05,0.662,0.648,-0.014,等效迁移,0.047,0.2592
DLPFC,151509,0.05,0.767,0.632,-0.135,有价值但不充分,0.0362,0.3677
DLPFC,151510,0.05,0.696,0.577,-0.119,有价值但不充分,0.0405,0.3199
DLPFC,151669,0.05,0.883,0.808,-0.075,有价值但不充分,0.0285,0.4667
DLPFC,151670,0.05,0.825,0.837,0.012,等效迁移,0.0515,0.4406
DLPFC,151671,0.05,0.836,0.83,-0.006,等效迁移,0.025,0.379
DLPFC,151672,0.05,0.752,0.734,-0.018,有价值但不充分,0.017,0.279
DLPFC,151673,0.05,0.678,0.713,0.035,等效迁移,0.0437,0.2803
DLPFC,151674,0.05,0.673,0.676,0.003,等效迁移,0.0703,0.3133
DLPFC,151675,0.05,0.723,0.621,-0.102,有价值但不充分,0.0556,0.2734
DLPFC,151676,0.05,0.691,0.629,-0.062,等效迁移,0.0752,0.2224
MERFISH,,0.05,0.669,0.779,0.11,等效迁移,0.1263,0.164
MERFISH_frontal_cortex,4_0,0.05,0.771,0.613,-0.158,有价值但不充分,0.0485,0.2926
MERFISH_frontal_cortex,4_1,0.05,0.846,0.869,0.023,等效迁移,0.0263,0.4855
MERFISH_frontal_cortex,4_2,0.05,0.771,0.797,0.026,等效迁移,0.0686,0.4865
MERFISH_frontal_cortex,6_0,0.05,0.738,0.646,-0.092,有价值但不充分,0.0595,0.2429
MERFISH_frontal_cortex,6_1,0.05,0.839,0.753,-0.086,有价值但不充分,0.0631,0.4418
MERFISH_frontal_cortex,6_2,0.05,0.757,0.674,-0.083,有价值但不充分,0.0185,0.3528
MERFISH_frontal_cortex,8_0,0.05,0.892,0.892,0.0,等效迁移,0.052,0.5294
MERFISH_frontal_cortex,8_1,0.05,0.721,0.707,-0.014,等效迁移,0.0933,0.4293
MERFISH_frontal_cortex,8_2,0.05,0.813,0.78,-0.033,有价值但不充分,0.0252,0.4193
Mouse_anterior_brain,,0.05,0.57,0.546,-0.024,等效迁移,0.0753,0.4203
STARmap,,0.05,0.892,0.88,-0.012,等效迁移,0.0492,0.0699
osmFISH,,0.05,0.436,0.433,-0.003,等效迁移,0.0921,0.1921
